﻿<?xml version="1.0" encoding="utf-8"?>
<manifest identifier="_5Yjgvs5P0ko" version="1.0" xmlns="http://www.imsproject.org/xsd/imscp_rootv1p1p2" xmlns:adlcp="http://www.adlnet.org/xsd/adlcp_rootv1p2" xmlns:xsi="http://www.w3.org/2001/XMLSchema-instance" xsi:schemaLocation="http://www.imsproject.org/xsd/imscp_rootv1p1p2 imscp_rootv1p1p2.xsd http://www.imsglobal.org/xsd/imsmd_rootv1p2p1 imsmd_rootv1p2p1.xsd http://www.adlnet.org/xsd/adlcp_rootv1p2 adlcp_rootv1p2.xsd">
  <metadata>
    <schema>ADL SCORM</schema>
    <schemaversion>1.2</schemaversion>
    <lom xmlns="http://www.imsglobal.org/xsd/imsmd_rootv1p2p1" xmlns:xsi="http://www.w3.org/2001/XMLSchema-instance" xsi:schemaLocation="http://www.imsglobal.org/xsd/imsmd_rootv1p2p1 imsmd_rootv1p2p1.xsd">
      <general>
        <title>
          <langstring xml:lang="x-none">Vinyl_Cutter_Materials_Module</langstring>
        </title>
        <description>
          <langstring xml:lang="x-none">Vinyl cutter materials module</langstring>
        </description>
      </general>
      <lifecycle>
        <version>
          <langstring xml:lang="x-none">1</langstring>
        </version>
        <status>
          <source>
            <langstring xml:lang="x-none">LOMv1.0</langstring>
          </source>
          <value>
            <langstring xml:lang="x-none">Final</langstring>
          </value>
        </status>
      </lifecycle>
      <metametadata>
        <metadatascheme>ADL SCORM 1.2</metadatascheme>
      </metametadata>
      <educational>
        <typicallearningtime>
          <datetime>PT0H0M0S</datetime>
        </typicallearningtime>
      </educational>
      <rights>
        <cost>
          <source>
            <langstring xml:lang="x-none">LOMv1.0</langstring>
          </source>
          <value>
            <langstring xml:lang="x-none">yes</langstring>
          </value>
        </cost>
        <copyrightandotherrestrictions>
          <source>
            <langstring xml:lang="x-none">LOMv1.0</langstring>
          </source>
          <value>
            <langstring xml:lang="x-none">yes</langstring>
          </value>
        </copyrightandotherrestrictions>
      </rights>
    </lom>
  </metadata>
  <organizations default="Vinyl_Cutter_Materials_Module_ORG">
    <organization identifier="Vinyl_Cutter_Materials_Module_ORG">
      <title>Vinyl_Cutter_Materials_Module</title>
      <item identifier="Vinyl_Cutter_Materials_SCO" isvisible="true" identifierref="__5Yjgvs5P0ko_RES">
        <title>Vinyl_Cutter_Materials_Module</title>
        <adlcp:masteryscore>80</adlcp:masteryscore>
      </item>
    </organization>
  </organizations>
  <resources>
    <resource identifier="__5Yjgvs5P0ko_RES" type="webcontent" href="index_lms.html" adlcp:scormtype="sco">
      <file href="story_content/thumbnail.jpg" />
      <file href="mobile/5qeFpAsRBYE.jpg" />
      <file href="story_content/661pESqYatN_44100_48_0.mp3" />
      <file href="story_content/6n6NlvKCvgl_captions.js" />
      <file href="mobile/6WloateWAdF.png" />
      <file href="story_content/6TxVNKFgr0X.html" />
      <file href="mobile/6TxVNKFgr0X6gpv4STMJap{Width=1001.778, Height=563.5}Light.png" />
      <file href="story_content/6kT12CsajgG_44100_48_0.mp3" />
      <file href="story_content/6ImmfBM91RI_captions.js" />
      <file href="story_content/6Hf4oeMUsz6_44100_48_0.mp3" />
      <file href="story_content/6XOFPUhbVqU_captions.js" />
      <file href="mobile/6GPci3MbhoT.png" />
      <file href="mobile/6LF8iGwdIi1.png" />
      <file href="mobile/60TMkAtLbfu.jpg" />
      <file href="mobile/6nlFOJe36nX.png" />
      <file href="story_content/6MiZHKZ9IpF_44100_48_0.mp3" />
      <file href="story_content/65ZJiCnHsno_captions.js" />
      <file href="meta.xml" />
      <file href="story_content/url.png" />
      <file href="story_content/5UuB6tkNrEp.png" />
      <file href="story_content/67YABS6ybbv.png" />
      <file href="story_content/user.js" />
      <file href="story_content/external_files/Video_Script_Materials_You_Can_Use_with_the_Vinyl_Cutter.docx" />
      <file href="story_content/external_files/Materials_You_Can_Use_with_the_Vinyl_Cutter_Main_Points.docx" />
      <file href="mobile/txt__default_62b2qFoLrI3.png" />
      <file href="mobile/Shape5xgMY6DE7Mk.png" />
      <file href="mobile/Shape5z6hbwyZwrj.png" />
      <file href="mobile/Shape6FYDIxDDLaP.png" />
      <file href="mobile/Shape6BDrLyMWRgm.png" />
      <file href="mobile/Shape6HCCDtUIoA9.png" />
      <file href="mobile/txt__default_5e5Oo4drIyK.png" />
      <file href="html5/data/css/output.min.css" />
      <file href="html5/data/js/5yfVeI4yRED.js" />
      <file href="html5/data/js/61d9AqVblsQ.js" />
      <file href="html5/data/js/63klfsSUuAH.js" />
      <file href="html5/data/js/6BxRjahACIK.js" />
      <file href="html5/data/js/6dhqWrdjWxO.js" />
      <file href="html5/data/js/6f8TqHuI1HH.js" />
      <file href="html5/data/js/6FbeF1gbnR9.js" />
      <file href="html5/data/js/6HEKJ1hGzhL.js" />
      <file href="html5/data/js/6NHsdSVaCRn.js" />
      <file href="html5/data/js/6oVVXerVlSK.js" />
      <file href="html5/data/js/6pOojF6UnNh.js" />
      <file href="html5/data/js/6QHXZLnpr2v.js" />
      <file href="html5/data/js/6UEKm2qbRse.js" />
      <file href="html5/data/js/6VxtIKAWmV3.js" />
      <file href="html5/data/js/data.js" />
      <file href="html5/data/js/frame.js" />
      <file href="html5/data/js/paths.js" />
      <file href="html5/lib/hls/hls.min.js" />
      <file href="html5/lib/scripts/bootstrapper.min.js" />
      <file href="html5/lib/scripts/frame.desktop.min.js" />
      <file href="html5/lib/scripts/frame.mobile.min.js" />
      <file href="html5/lib/scripts/slides.min.js" />
      <file href="html5/lib/stylesheets/desktop.min.css" />
      <file href="html5/lib/stylesheets/mobile.min.css" />
      <file href="html5/lib/stylesheets/mobile-fonts/open-sans-bold.woff" />
      <file href="html5/lib/stylesheets/mobile-fonts/open-sans-light.woff" />
      <file href="html5/lib/stylesheets/mobile-fonts/open-sans-regular.woff" />
      <file href="analytics-frame.html" />
      <file href="story.html" />
      <file href="index_lms.html" />
      <file href="lms/AICCComm.html" />
      <file href="lms/blank.html" />
      <file href="lms/browsersniff.js" />
      <file href="lms/goodbye.html" />
      <file href="lms/scormdriver.js" />
    </resource>
  </resources>
</manifest>