﻿<?xml version="1.0" encoding="utf-8"?><meta xmlns:xsi="http://www.w3.org/2001/XMLSchema-instance" xmlns:xsd="http://www.w3.org/2001/XMLSchema"><project id="6DvuHvLL0Kk" courseid="6plEPOs3dLF" thumburl="story_content/thumbnail.jpg" title="Vinyl_Cutter_Safety_Module" datepublished="2023-05-15T20:11:32" version="1.0.0.0" flashdata="story_content/data.swf" html5data="mobile/data.json" mobiledata="mobile/data.gz" enabledownload="false" duration="About 2 minutes" totalaudio="48729" totalvideo="0"><description>Vinyl cutter safety module</description><keywords /><slidemeta moniker="slide" monikerplural="slides" viewslides="18" slidecountdescription="18 slides" /><author name="Amanda Philbrick" email="" website="" /><application name="Articulate Storyline" version="3.75.30269.0" xmlversion="4.0" /></project></meta>