<?xml version="1.0" ?>
<manifest identifier="sruZUJT7ujAJat5aHM2OEYNrWXnbmS6YItKnWXSo" version="1"
  xmlns="http://www.imsproject.org/xsd/imscp_rootv1p1p2"
  xmlns:adlcp="http://www.adlnet.org/xsd/adlcp_rootv1p2"
  xmlns:xsi="http://www.w3.org/2001/XMLSchema-instance"
  xsi:schemaLocation="http://www.imsproject.org/xsd/imscp_rootv1p1p2 imscp_rootv1p1p2.xsd
                      http://www.adlnet.org/xsd/adlcp_rootv1p2 adlcp_rootv1p2.xsd">
  <metadata>
    <schema>ADL SCORM</schema>
    <schemaversion>1.2</schemaversion>
    <adlcp:location>metadata.xml</adlcp:location>
  </metadata>
  <organizations default="articulate_rise">
      <organization identifier="articulate_rise">
      <title>Week 12 Interactive Review</title>
      <item identifier="i1" identifierref="r1" isvisible="true">
        <title>Week 12 Interactive Review</title>
        <adlcp:datafromlms>eyJjcHYiOiJJdEtuV1hTbyIsInJsZCI6ZmFsc2V9</adlcp:datafromlms>
      </item>
    </organization>
  </organizations>
  <resources>
    <resource identifier="r1" type="webcontent" adlcp:scormtype="sco" href="scormdriver/indexAPI.html">
      <!-- SCORMDRIVER STUFF -->
      <file href="scormdriver/indexAPI.html" />
      <file href="scormdriver/preloadIntegrity.js" />
      <file href="scormdriver/driverOptions.js" />
      <file href="scormdriver/AICCComm.html" />
      <file href="scormdriver/auto-scripts/AutoBookmark.js" />
      <file href="scormdriver/auto-scripts/AutoCompleteSCO.js" />
      <file href="scormdriver/auto-scripts/CourseExit.js" />
      <file href="scormdriver/blank.html" />
      <file href="scormdriver/goodbye.html" />
      <file href="scormdriver/scormdriver.js" />
      <file href="scormdriver/browsersniff.js" />

      <!-- RUNTIME COMMON STUFF -->
      <file href="scormcontent/index.html" />

      
        <file href="scormcontent/lib/fonts/icomoon.ttf"/>
        <file href="scormcontent/lib/fonts/icomoon.woff"/>

        <file href="scormcontent/lib/icomoon.css"/>
        <file href="scormcontent/lib/player-0.0.11.min.js"/>
        <file href="scormcontent/lib/lzwcompress.js"/>
      

      <!-- FRONTEND BUNDLE ASSETS -->
      <file href="scormcontent/lib/rise/268c8bde.js" />
<file href="scormcontent/lib/rise/11732e6a.css" />
<file href="scormcontent/lib/rise/3499478a.js" />
<file href="scormcontent/lib/rise/0342db44.css" />
<file href="scormcontent/lib/rise/5c9537f4.js" />
<file href="scormcontent/lib/rise/eb9bd09f.js" />
<file href="scormcontent/lib/rise/20be7de8.js" />
<file href="scormcontent/lib/mondrian/entry.js" />
<file href="scormcontent/lib/mondrian/b6873211.js" />
<file href="scormcontent/lib/mondrian/0e859ef5.js" />
<file href="scormcontent/lib/mondrian/7b2a258a.js" />
<file href="scormcontent/lib/mondrian/18ae508c.js" />
<file href="scormcontent/lib/mondrian/3e40eb79.js" />
<file href="scormcontent/lib/mondrian/cdf9a293.js" />
<file href="scormcontent/lib/mondrian/3f9ba7c0.js" />
<file href="scormcontent/lib/mondrian/07d24945.js" />


      <!-- RUNTIME CONTENT STUFF -->
      <file href="scormcontent/lib/fonts/Lato-Black.woff" />
<file href="scormcontent/lib/fonts/Lato-Italic.woff" />
<file href="scormcontent/lib/fonts/Lato-Bold.woff" />
<file href="scormcontent/lib/fonts/Lato-Regular.woff" />
<file href="scormcontent/lib/fonts/Lato-Light.woff" />
<file href="scormcontent/lib/fonts/Merriweather-Black.woff" />
<file href="scormcontent/lib/fonts/Merriweather-Italic.woff" />
<file href="scormcontent/lib/fonts/Merriweather-Bold.woff" />
<file href="scormcontent/lib/fonts/Merriweather-Regular.woff" />
<file href="scormcontent/lib/fonts/Merriweather-Light.woff" />
<file href="scormcontent/assets/Y0oDXEnU0E5q5KV1_small.png" />
<file href="scormcontent/assets/kqqgfsix_UxmWRTD_ISdaVWiHAWCYtfbN.jpg" />
<file href="scormcontent/assets/l1igO9prPJ5QzXFM_5_cities.jpg" />
<file href="scormcontent/assets/1H4DeZKv3BcoPMXo_3_insurance.jpg" />
<file href="scormcontent/assets/xChsNc_EUYSqC1Vi_1jwa52ZcRwgCY8p2.jpg" />
<file href="scormcontent/assets/E4SsNPqB-C_PwGTx_37_wfh.jpg" />
<file href="scormcontent/assets/Z0FNR5r9xDFMs4aB_FcQBsc937GYXPEmZ.jpg" />
<file href="scormcontent/assets/Rb106zXB9snhCBgE_15_wfh.jpg" />
<file href="scormcontent/assets/UzEI7NdqbR1O2mc8_1gy5g0uZdUQJzasz.jpg" />
<file href="scormcontent/assets/XEmpRqFS_8TrchJJ_16_creative.jpg" />
<file href="scormcontent/assets/zzncVZVRwyfj3o9z_8_nature.jpg" />
<file href="scormcontent/assets/MWeDzo5iLgomwZzS_26_cities.jpg" />
<file href="scormcontent/assets/BMaHrDIHZSMZvgcg_20_architecture.jpg" />
<file href="scormcontent/assets/5Qnl6EBHeVG34heh_yh5NIevkA7Qc9k8U.jpg" />
<file href="scormcontent/assets/Q94ORb0RTJ_NYY_a_28_nature.jpg" />
<file href="scormcontent/assets/xo4sQO2kuoR6LtPe_7_hospitality.jpg" />
<file href="scormcontent/assets/ZR41HL/stock-image.jpg" />
<file href="scormcontent/assets/c2QBCgt_kTP_M98M_6_creative.jpg" />
<file href="scormcontent/assets/Jg1KnP4ZfSVr2mUX_example-header-image.jpg" />

    </resource>
  </resources>
</manifest>
