<?xml version="1.0" ?>
<manifest identifier="RFYUajme0nl_howG32Oa_3FsyNNc08f7GAUM1vo_" version="1"
  xmlns="http://www.imsproject.org/xsd/imscp_rootv1p1p2"
  xmlns:adlcp="http://www.adlnet.org/xsd/adlcp_rootv1p2"
  xmlns:xsi="http://www.w3.org/2001/XMLSchema-instance"
  xsi:schemaLocation="http://www.imsproject.org/xsd/imscp_rootv1p1p2 imscp_rootv1p1p2.xsd
                      http://www.adlnet.org/xsd/adlcp_rootv1p2 adlcp_rootv1p2.xsd">
  <metadata>
    <schema>ADL SCORM</schema>
    <schemaversion>1.2</schemaversion>
    <adlcp:location>metadata.xml</adlcp:location>
  </metadata>
  <organizations default="articulate_rise">
      <organization identifier="articulate_rise">
      <title>Week 4 Interactive Review (IST524)</title>
      <item identifier="i1" identifierref="r1" isvisible="true">
        <title>Week 4 Interactive Review (IST524)</title>
        <adlcp:datafromlms>eyJjcHYiOiJHQVVNMXZvXyIsInJsZCI6ZmFsc2V9</adlcp:datafromlms>
      </item>
    </organization>
  </organizations>
  <resources>
    <resource identifier="r1" type="webcontent" adlcp:scormtype="sco" href="scormdriver/indexAPI.html">
      <!-- SCORMDRIVER STUFF -->
      <file href="scormdriver/indexAPI.html" />
      <file href="scormdriver/preloadIntegrity.js" />
      <file href="scormdriver/driverOptions.js" />
      <file href="scormdriver/AICCComm.html" />
      <file href="scormdriver/auto-scripts/AutoBookmark.js" />
      <file href="scormdriver/auto-scripts/AutoCompleteSCO.js" />
      <file href="scormdriver/auto-scripts/CourseExit.js" />
      <file href="scormdriver/blank.html" />
      <file href="scormdriver/goodbye.html" />
      <file href="scormdriver/scormdriver.js" />
      <file href="scormdriver/browsersniff.js" />

      <!-- RUNTIME COMMON STUFF -->
      <file href="scormcontent/index.html" />

      
        <file href="scormcontent/lib/fonts/icomoon.ttf"/>
        <file href="scormcontent/lib/fonts/icomoon.woff"/>

        <file href="scormcontent/lib/icomoon.css"/>
        <file href="scormcontent/lib/player-0.0.11.min.js"/>
        <file href="scormcontent/lib/lzwcompress.js"/>
      

      <!-- FRONTEND BUNDLE ASSETS -->
      <file href="scormcontent/lib/rise/c9c5ce45.js" />
<file href="scormcontent/lib/rise/11732e6a.css" />
<file href="scormcontent/lib/rise/a8d5b75c.js" />
<file href="scormcontent/lib/rise/d2fb04ad.css" />
<file href="scormcontent/lib/rise/fbd0238f.js" />
<file href="scormcontent/lib/rise/eb9bd09f.js" />
<file href="scormcontent/lib/rise/20be7de8.js" />
<file href="scormcontent/lib/mondrian/entry.js" />
<file href="scormcontent/lib/mondrian/daef1d75.js" />
<file href="scormcontent/lib/mondrian/42b5616c.js" />
<file href="scormcontent/lib/mondrian/dd43309a.js" />
<file href="scormcontent/lib/mondrian/dbcf15f7.js" />
<file href="scormcontent/lib/mondrian/3a27456b.js" />
<file href="scormcontent/lib/mondrian/2d2b02a0.js" />
<file href="scormcontent/lib/mondrian/fa4a2a91.js" />
<file href="scormcontent/lib/mondrian/331b35c0.js" />
<file href="scormcontent/lib/wb/entry.js" />
<file href="scormcontent/lib/wb/d4168b22.js" />
<file href="scormcontent/lib/wb/fadc459f.js" />
<file href="scormcontent/lib/wb/ae9f88e9.js" />
<file href="scormcontent/lib/wb/b92601c5.js" />
<file href="scormcontent/lib/wb/467c7226.css" />
<file href="scormcontent/lib/wb/d445416d.js" />


      <!-- RUNTIME CONTENT STUFF -->
      <file href="scormcontent/lib/fonts/Lato-Black.woff" />
<file href="scormcontent/lib/fonts/Lato-Italic.woff" />
<file href="scormcontent/lib/fonts/Lato-Bold.woff" />
<file href="scormcontent/lib/fonts/Lato-Regular.woff" />
<file href="scormcontent/lib/fonts/Lato-Light.woff" />
<file href="scormcontent/lib/fonts/Merriweather-Black.woff" />
<file href="scormcontent/lib/fonts/Merriweather-Italic.woff" />
<file href="scormcontent/lib/fonts/Merriweather-Bold.woff" />
<file href="scormcontent/lib/fonts/Merriweather-Regular.woff" />
<file href="scormcontent/lib/fonts/Merriweather-Light.woff" />
<file href="scormcontent/assets/I38Tv-pgO88AQY9x_small.png" />
<file href="scormcontent/assets/8lxlOEJbSgm6TGKA_mXmWzkRzbyjyJ6j3.jpg" />
<file href="scormcontent/assets/IR4ZBMJ-PDumhjvc_z8ziDW9DWT_DCpq3.jpg" />
<file href="scormcontent/assets/UqhrIruyXyQPNRfb_uIbdV0OoGgPkTYY-.jpg" />
<file href="scormcontent/assets/ImQ90gvRTtRL_-ZK_OIUGsIKAtTBVVLZ0.png" />
<file href="scormcontent/assets/TiOyCQ-OFuteE8Nc_n5EqJXy_J6rDjQ54.jpg" />
<file href="scormcontent/assets/CG-DI7iB8kAeC6Se_bksi2nnq9z1R51qD.jpg" />
<file href="scormcontent/assets/9MX4KqN-ix3fsRA7_19_misc.jpg" />
<file href="scormcontent/assets/3XqaZnf7sPWo-Tt7_example-header-image.jpg" />

    </resource>
  </resources>
</manifest>
