﻿<?xml version="1.0" encoding="utf-8"?><meta xmlns:xsi="http://www.w3.org/2001/XMLSchema-instance" xmlns:xsd="http://www.w3.org/2001/XMLSchema"><project id="5wK80upEv4t" courseid="5Yjgvs5P0ko" thumburl="story_content/thumbnail.jpg" title="Vinyl_Cutter_Materials_Zip_Version" datepublished="2023-06-26T20:56:04" version="1.0.0.0" flashdata="story_content/data.swf" html5data="mobile/data.json" mobiledata="mobile/data.gz" enabledownload="false" duration="About 2 minutes" totalaudio="40781" totalvideo="0"><description>Vinyl cutter materials module</description><keywords /><slidemeta moniker="slide" monikerplural="slides" viewslides="14" slidecountdescription="14 slides" /><author name="Amanda Philbrick" email="" website="" /><application name="Articulate Storyline" version="3.75.30269.0" xmlversion="4.0" /></project></meta>