<?xml version="1.0" ?>
<manifest identifier="yYKaX0vd96Ks98lJpgEypkMpOQda2OERHXVZjcKG" version="1"
  xmlns="http://www.imsproject.org/xsd/imscp_rootv1p1p2"
  xmlns:adlcp="http://www.adlnet.org/xsd/adlcp_rootv1p2"
  xmlns:xsi="http://www.w3.org/2001/XMLSchema-instance"
  xsi:schemaLocation="http://www.imsproject.org/xsd/imscp_rootv1p1p2 imscp_rootv1p1p2.xsd
                      http://www.adlnet.org/xsd/adlcp_rootv1p2 adlcp_rootv1p2.xsd">
  <metadata>
    <schema>ADL SCORM</schema>
    <schemaversion>1.2</schemaversion>
    <adlcp:location>metadata.xml</adlcp:location>
  </metadata>
  <organizations default="articulate_rise">
      <organization identifier="articulate_rise">
      <title>Week 10 Interactive Review</title>
      <item identifier="i1" identifierref="r1" isvisible="true">
        <title>Week 10 Interactive Review</title>
        <adlcp:datafromlms>eyJjcHYiOiJIWFZaamNLRyIsInJsZCI6ZmFsc2V9</adlcp:datafromlms>
      </item>
    </organization>
  </organizations>
  <resources>
    <resource identifier="r1" type="webcontent" adlcp:scormtype="sco" href="scormdriver/indexAPI.html">
      <!-- SCORMDRIVER STUFF -->
      <file href="scormdriver/indexAPI.html" />
      <file href="scormdriver/preloadIntegrity.js" />
      <file href="scormdriver/driverOptions.js" />
      <file href="scormdriver/AICCComm.html" />
      <file href="scormdriver/auto-scripts/AutoBookmark.js" />
      <file href="scormdriver/auto-scripts/AutoCompleteSCO.js" />
      <file href="scormdriver/auto-scripts/CourseExit.js" />
      <file href="scormdriver/blank.html" />
      <file href="scormdriver/goodbye.html" />
      <file href="scormdriver/scormdriver.js" />
      <file href="scormdriver/browsersniff.js" />

      <!-- RUNTIME COMMON STUFF -->
      <file href="scormcontent/index.html" />

      
        <file href="scormcontent/lib/fonts/icomoon.ttf"/>
        <file href="scormcontent/lib/fonts/icomoon.woff"/>

        <file href="scormcontent/lib/icomoon.css"/>
        <file href="scormcontent/lib/player-0.0.11.min.js"/>
        <file href="scormcontent/lib/lzwcompress.js"/>
      

      <!-- FRONTEND BUNDLE ASSETS -->
      <file href="scormcontent/lib/rise/cc0764a2.js" />
<file href="scormcontent/lib/rise/11732e6a.css" />
<file href="scormcontent/lib/rise/3499478a.js" />
<file href="scormcontent/lib/rise/294ec9b7.css" />
<file href="scormcontent/lib/rise/7377fee0.js" />
<file href="scormcontent/lib/rise/eb9bd09f.js" />
<file href="scormcontent/lib/rise/20be7de8.js" />
<file href="scormcontent/lib/mondrian/entry.js" />
<file href="scormcontent/lib/mondrian/b6873211.js" />
<file href="scormcontent/lib/mondrian/0e859ef5.js" />
<file href="scormcontent/lib/mondrian/7b2a258a.js" />
<file href="scormcontent/lib/mondrian/18ae508c.js" />
<file href="scormcontent/lib/mondrian/3e40eb79.js" />
<file href="scormcontent/lib/mondrian/cdf9a293.js" />
<file href="scormcontent/lib/mondrian/3f9ba7c0.js" />
<file href="scormcontent/lib/mondrian/07d24945.js" />


      <!-- RUNTIME CONTENT STUFF -->
      <file href="scormcontent/lib/fonts/Lato-Black.woff" />
<file href="scormcontent/lib/fonts/Lato-Italic.woff" />
<file href="scormcontent/lib/fonts/Lato-Bold.woff" />
<file href="scormcontent/lib/fonts/Lato-Regular.woff" />
<file href="scormcontent/lib/fonts/Lato-Light.woff" />
<file href="scormcontent/lib/fonts/Merriweather-Black.woff" />
<file href="scormcontent/lib/fonts/Merriweather-Italic.woff" />
<file href="scormcontent/lib/fonts/Merriweather-Bold.woff" />
<file href="scormcontent/lib/fonts/Merriweather-Regular.woff" />
<file href="scormcontent/lib/fonts/Merriweather-Light.woff" />
<file href="scormcontent/assets/JqjV3C4wJ06IfBDU_small.png" />
<file href="scormcontent/assets/HXF8c6QBA-Qa-FMs_7_insurance.jpg" />
<file href="scormcontent/assets/h_YsLivEsygSnxxY_FP0NvqaqJRfo0qzK.jpg" />
<file href="scormcontent/assets/k8CsyYwt46wB0W36_38_abstract.jpg" />
<file href="scormcontent/assets/6N4zThW_3sJgIQpk_43_abstract.jpg" />
<file href="scormcontent/assets/qkILfBhwMRQnYqsY_1NZzLvFC_3vjQFRT.jpg" />
<file href="scormcontent/assets/LLI49YHoWjIxnoOO_17_wfh.jpg" />
<file href="scormcontent/assets/Q3MTl1sAL2CMxqFo_25_cities.jpg" />
<file href="scormcontent/assets/ArHygm_r_-Li6qZ9_2_tech.jpg" />
<file href="scormcontent/assets/ldG74PM9YNlBnkO9_22_architecture.jpg" />
<file href="scormcontent/assets/C_xGkz7HrUfTNpl4_7_tech.jpg" />
<file href="scormcontent/assets/RX4sNH0A4ihsyZad_MfXz7flLa8QUw4r7.jpg" />
<file href="scormcontent/assets/3QJSTTZvpz0l1vjI_20_wfh.jpg" />
<file href="scormcontent/assets/NoFfTOzwrURoN80n_33_cities.jpg" />
<file href="scormcontent/assets/SKsZU4LxjCCs-6WH_18_creative.jpg" />
<file href="scormcontent/assets/TnVnhfuKejWStc3d_sSMcsr-jsJzxmIN6.jpg" />
<file href="scormcontent/assets/94QVepJTKD2ZmptM_14_tech.jpg" />
<file href="scormcontent/assets/r696xgA7dMkfzodC_Gq0lum4a2_z0Cfgp.jpg" />
<file href="scormcontent/assets/GACFVSr8huUA-ijT_1_cities.jpg" />
<file href="scormcontent/assets/GyA151TcJKsTUXmM_3_food.jpg" />
<file href="scormcontent/assets/NxwDGsBTE1a9Lcae_i5IZ9MOYH_i6PyjF.jpg" />
<file href="scormcontent/assets/yKX-YJUS6YhU1rew_20_abstract.jpg" />
<file href="scormcontent/assets/yWVKhx40nyX47eAs_3_misc.jpg" />
<file href="scormcontent/assets/zeK7-wPXi9dOs1nw_18_tech.jpg" />
<file href="scormcontent/assets/itLxP4VjpxHoKtq4_m2NvvjR2S60fAV5k.jpg" />
<file href="scormcontent/assets/ZUB7h63UirtuKgZP_8_tech.jpg" />
<file href="scormcontent/assets/oBm1ZOyETvaccmlk_CQEnnA6gl5GLJhcW.jpg" />
<file href="scormcontent/assets/ieTEnNt7ap-bnsRw_2_construction.jpg" />
<file href="scormcontent/assets/Xcbi9Q/stock-image.jpg" />
<file href="scormcontent/assets/Xu6XaTLcv-ShmOwU_1_wfh.jpg" />
<file href="scormcontent/assets/1nbcDhK9HiaIZeW0_example-header-image.jpg" />

    </resource>
  </resources>
</manifest>
