<?xml version="1.0" ?>
<manifest identifier="DMKafNbrR__0I5y5HVKDWZI1E54yGIv2wA8vrfsj" version="1"
  xmlns="http://www.imsproject.org/xsd/imscp_rootv1p1p2"
  xmlns:adlcp="http://www.adlnet.org/xsd/adlcp_rootv1p2"
  xmlns:xsi="http://www.w3.org/2001/XMLSchema-instance"
  xsi:schemaLocation="http://www.imsproject.org/xsd/imscp_rootv1p1p2 imscp_rootv1p1p2.xsd
                      http://www.adlnet.org/xsd/adlcp_rootv1p2 adlcp_rootv1p2.xsd">
  <metadata>
    <schema>ADL SCORM</schema>
    <schemaversion>1.2</schemaversion>
    <adlcp:location>metadata.xml</adlcp:location>
  </metadata>
  <organizations default="articulate_rise">
      <organization identifier="articulate_rise">
      <title>Week 8 Interactive Review</title>
      <item identifier="i1" identifierref="r1" isvisible="true">
        <title>Week 8 Interactive Review</title>
        <adlcp:datafromlms>eyJjcHYiOiJ3QTh2cmZzaiIsInJsZCI6ZmFsc2V9</adlcp:datafromlms>
      </item>
    </organization>
  </organizations>
  <resources>
    <resource identifier="r1" type="webcontent" adlcp:scormtype="sco" href="scormdriver/indexAPI.html">
      <!-- SCORMDRIVER STUFF -->
      <file href="scormdriver/indexAPI.html" />
      <file href="scormdriver/preloadIntegrity.js" />
      <file href="scormdriver/driverOptions.js" />
      <file href="scormdriver/AICCComm.html" />
      <file href="scormdriver/auto-scripts/AutoBookmark.js" />
      <file href="scormdriver/auto-scripts/AutoCompleteSCO.js" />
      <file href="scormdriver/auto-scripts/CourseExit.js" />
      <file href="scormdriver/blank.html" />
      <file href="scormdriver/goodbye.html" />
      <file href="scormdriver/scormdriver.js" />
      <file href="scormdriver/browsersniff.js" />

      <!-- RUNTIME COMMON STUFF -->
      <file href="scormcontent/index.html" />

      
        <file href="scormcontent/lib/fonts/icomoon.ttf"/>
        <file href="scormcontent/lib/fonts/icomoon.woff"/>

        <file href="scormcontent/lib/icomoon.css"/>
        <file href="scormcontent/lib/player-0.0.11.min.js"/>
        <file href="scormcontent/lib/lzwcompress.js"/>
      

      <!-- FRONTEND BUNDLE ASSETS -->
      <file href="scormcontent/lib/rise/2ef5b63d.js" />
<file href="scormcontent/lib/rise/11732e6a.css" />
<file href="scormcontent/lib/rise/9e45bfba.js" />
<file href="scormcontent/lib/rise/a17d0a74.css" />
<file href="scormcontent/lib/rise/08524873.js" />
<file href="scormcontent/lib/rise/eb9bd09f.js" />
<file href="scormcontent/lib/rise/20be7de8.js" />
<file href="scormcontent/lib/mondrian/entry.js" />
<file href="scormcontent/lib/mondrian/b6873211.js" />
<file href="scormcontent/lib/mondrian/0e859ef5.js" />
<file href="scormcontent/lib/mondrian/7b2a258a.js" />
<file href="scormcontent/lib/mondrian/18ae508c.js" />
<file href="scormcontent/lib/mondrian/3e40eb79.js" />
<file href="scormcontent/lib/mondrian/cdf9a293.js" />
<file href="scormcontent/lib/mondrian/3f9ba7c0.js" />
<file href="scormcontent/lib/mondrian/07d24945.js" />


      <!-- RUNTIME CONTENT STUFF -->
      <file href="scormcontent/lib/fonts/Montserrat-SemiBold.woff" />
<file href="scormcontent/lib/fonts/Montserrat-Medium.woff" />
<file href="scormcontent/lib/fonts/Montserrat-Black.woff" />
<file href="scormcontent/lib/fonts/Montserrat-Bold.woff" />
<file href="scormcontent/lib/fonts/Montserrat-Italic.woff" />
<file href="scormcontent/lib/fonts/Montserrat-Regular.woff" />
<file href="scormcontent/lib/fonts/Montserrat-Light.woff" />
<file href="scormcontent/lib/fonts/Lato-Black.woff" />
<file href="scormcontent/lib/fonts/Lato-Italic.woff" />
<file href="scormcontent/lib/fonts/Lato-Bold.woff" />
<file href="scormcontent/lib/fonts/Lato-Regular.woff" />
<file href="scormcontent/lib/fonts/Lato-Light.woff" />
<file href="scormcontent/lib/fonts/Merriweather-Black.woff" />
<file href="scormcontent/lib/fonts/Merriweather-Italic.woff" />
<file href="scormcontent/lib/fonts/Merriweather-Bold.woff" />
<file href="scormcontent/lib/fonts/Merriweather-Regular.woff" />
<file href="scormcontent/lib/fonts/Merriweather-Light.woff" />
<file href="scormcontent/assets/6897QdvZdamRCBhB_small.png" />
<file href="scormcontent/assets/hJdMaZcV3oU4zlpV_mo9sUDU1RQ2JVaSE.jpg" />
<file href="scormcontent/assets/LD9ROqnXKSoXcXWu_xu668SxN2H0BXBjU.jpg" />
<file href="scormcontent/assets/UqPrnpwf1EtHPF8G_GOq1GXTawHGlf_1C.jpg" />
<file href="scormcontent/assets/JmjKlU6Nhap7tegc_DLIjYnusKvpRRdUS.jpg" />
<file href="scormcontent/assets/tGrrIV4SPWDLtyWo_9V0e_dd4bpTMHq7c.jpg" />
<file href="scormcontent/assets/KQzw946pW57NOB37_toqS7NvuFgC19HkK.jpg" />
<file href="scormcontent/assets/2e_Xr-TAwUN8hWGv_EswoT9ugRm-Av_x2.jpg" />
<file href="scormcontent/assets/HK6YSru31qJUUp35_2lrPH0WAFRL9Z2i3.jpg" />
<file href="scormcontent/assets/shdhE2jLPNBM0ci1_axIH_pNDwIQzfsa9.jpg" />
<file href="scormcontent/assets/1fPF-05LFCtC70-o_XaJDLJoGNZ5j4x8j.jpg" />
<file href="scormcontent/assets/XS4yKVnpUGQKustf__Dw9CLdj1bPPPtf7.jpg" />
<file href="scormcontent/assets/AU6dvx/stock-image.jpg" />
<file href="scormcontent/assets/xcMaBTCGelqPJgyj_cover-image-0.jpg" />
<file href="scormcontent/assets/nwhg5CgZob_ssjNa_example-header-image.jpg" />

    </resource>
  </resources>
</manifest>
