<?xml version="1.0" ?>
<manifest identifier="MmagB3-bfUCm7fgXTBwbo-uvr2DzYZqtm54hveJn" version="1"
  xmlns="http://www.imsproject.org/xsd/imscp_rootv1p1p2"
  xmlns:adlcp="http://www.adlnet.org/xsd/adlcp_rootv1p2"
  xmlns:xsi="http://www.w3.org/2001/XMLSchema-instance"
  xsi:schemaLocation="http://www.imsproject.org/xsd/imscp_rootv1p1p2 imscp_rootv1p1p2.xsd
                      http://www.adlnet.org/xsd/adlcp_rootv1p2 adlcp_rootv1p2.xsd">
  <metadata>
    <schema>ADL SCORM</schema>
    <schemaversion>1.2</schemaversion>
    <adlcp:location>metadata.xml</adlcp:location>
  </metadata>
  <organizations default="articulate_rise">
      <organization identifier="articulate_rise">
      <title>Week 13 Interactive Review</title>
      <item identifier="i1" identifierref="r1" isvisible="true">
        <title>Week 13 Interactive Review</title>
        <adlcp:datafromlms>eyJjcHYiOiJtNTRodmVKbiIsInJsZCI6ZmFsc2V9</adlcp:datafromlms>
      </item>
    </organization>
  </organizations>
  <resources>
    <resource identifier="r1" type="webcontent" adlcp:scormtype="sco" href="scormdriver/indexAPI.html">
      <!-- SCORMDRIVER STUFF -->
      <file href="scormdriver/indexAPI.html" />
      <file href="scormdriver/preloadIntegrity.js" />
      <file href="scormdriver/driverOptions.js" />
      <file href="scormdriver/AICCComm.html" />
      <file href="scormdriver/auto-scripts/AutoBookmark.js" />
      <file href="scormdriver/auto-scripts/AutoCompleteSCO.js" />
      <file href="scormdriver/auto-scripts/CourseExit.js" />
      <file href="scormdriver/blank.html" />
      <file href="scormdriver/goodbye.html" />
      <file href="scormdriver/scormdriver.js" />
      <file href="scormdriver/browsersniff.js" />

      <!-- RUNTIME COMMON STUFF -->
      <file href="scormcontent/index.html" />

      
        <file href="scormcontent/lib/fonts/icomoon.ttf"/>
        <file href="scormcontent/lib/fonts/icomoon.woff"/>

        <file href="scormcontent/lib/icomoon.css"/>
        <file href="scormcontent/lib/player-0.0.11.min.js"/>
        <file href="scormcontent/lib/lzwcompress.js"/>
      

      <!-- FRONTEND BUNDLE ASSETS -->
      <file href="scormcontent/lib/rise/4b3ccd6b.js" />
<file href="scormcontent/lib/rise/11732e6a.css" />
<file href="scormcontent/lib/rise/76a44bc0.js" />
<file href="scormcontent/lib/rise/9e4d7a83.css" />
<file href="scormcontent/lib/rise/ded7ffef.js" />
<file href="scormcontent/lib/rise/eb9bd09f.js" />
<file href="scormcontent/lib/rise/20be7de8.js" />
<file href="scormcontent/lib/mondrian/entry.js" />
<file href="scormcontent/lib/mondrian/b6873211.js" />
<file href="scormcontent/lib/mondrian/0e859ef5.js" />
<file href="scormcontent/lib/mondrian/7b2a258a.js" />
<file href="scormcontent/lib/mondrian/18ae508c.js" />
<file href="scormcontent/lib/mondrian/3e40eb79.js" />
<file href="scormcontent/lib/mondrian/cdf9a293.js" />
<file href="scormcontent/lib/mondrian/3f9ba7c0.js" />
<file href="scormcontent/lib/mondrian/07d24945.js" />


      <!-- RUNTIME CONTENT STUFF -->
      <file href="scormcontent/lib/fonts/Lato-Black.woff" />
<file href="scormcontent/lib/fonts/Lato-Italic.woff" />
<file href="scormcontent/lib/fonts/Lato-Bold.woff" />
<file href="scormcontent/lib/fonts/Lato-Regular.woff" />
<file href="scormcontent/lib/fonts/Lato-Light.woff" />
<file href="scormcontent/lib/fonts/Merriweather-Black.woff" />
<file href="scormcontent/lib/fonts/Merriweather-Italic.woff" />
<file href="scormcontent/lib/fonts/Merriweather-Bold.woff" />
<file href="scormcontent/lib/fonts/Merriweather-Regular.woff" />
<file href="scormcontent/lib/fonts/Merriweather-Light.woff" />
<file href="scormcontent/assets/gFsSeV1LYkxTN_wo_small.png" />
<file href="scormcontent/assets/Vl4GZRHIB4RmyHIf_14_nature.jpg" />
<file href="scormcontent/assets/X5EQFVBOLUtH_VCT_1lKbYKSiUE-X56Zr.jpg" />
<file href="scormcontent/assets/PQBJPZgRj2KFv0FL_43_abstract.jpg" />
<file href="scormcontent/assets/4iT4Zstlp6pxD7AI_8_wfh.jpg" />
<file href="scormcontent/assets/eRqkgtMwgzi3I86p_4qpvrox-_WyL7czn.jpg" />
<file href="scormcontent/assets/F-GgJUYpEY6fFGTE_9_misc.jpg" />
<file href="scormcontent/assets/StwSjHyRcc5BoJ4S_5_abstract.jpg" />
<file href="scormcontent/assets/9RIrtLF4sdEvoUkv_29_nature.jpg" />
<file href="scormcontent/assets/2Eb08uMmAAeCGDI5_H1pNXubmx4dquQhk.jpg" />
<file href="scormcontent/assets/J6Uppt7ZwDHSUqST_24_nature.jpg" />
<file href="scormcontent/assets/y9Dl6y0h8OjF9xvw_4_nature.jpg" />
<file href="scormcontent/assets/WePlgOzvvju4d0jB_11_abstract.jpg" />
<file href="scormcontent/assets/COY3D0MdjsKq3eZ-_35_abstract.jpg" />
<file href="scormcontent/assets/IvQ1vlCaLqjTkXpB_3_food.jpg" />
<file href="scormcontent/assets/kKuy9W61osP8iZwC_13_hospitality.jpg" />
<file href="scormcontent/assets/d4QQxTqcQRiBPYlS_ckfAORRRvFYWQ5mn.jpg" />
<file href="scormcontent/assets/arIO1VXJzWuc1RlK_52_abstract.jpg" />
<file href="scormcontent/assets/wVYOY224NhgHo1xy_31_creative.jpg" />
<file href="scormcontent/assets/lhrJWfUfcF09_IWA_12_cities.jpg" />
<file href="scormcontent/assets/yHOmBEvJ59YlzzcX_6_cities.jpg" />
<file href="scormcontent/assets/cHLh-eeKzfCFOh59_22_cities.jpg" />
<file href="scormcontent/assets/z8KdVek6w9fOluCw_24_creative.jpg" />
<file href="scormcontent/assets/9vjy42XHhx1xC7j0_b31dxh-03kV6z2kP.jpg" />
<file href="scormcontent/assets/dG2i0xlZcac5X2FK_14_architecture.jpg" />
<file href="scormcontent/assets/kl1XS09klyEZtotN_14_creative.jpg" />
<file href="scormcontent/assets/rfVqZcBJ54pwi0sr__4vizjwj4Nblu_0f.jpg" />
<file href="scormcontent/assets/A31XwfCTrqtVVdtU_3_misc.jpg" />
<file href="scormcontent/assets/I6NSaOS5i9vL3d7e_5_tech.jpg" />
<file href="scormcontent/assets/RKLuHb13C5C86shE_41_abstract.jpg" />
<file href="scormcontent/assets/ul2NwKQjLWiPORvn_6_wfh.jpg" />
<file href="scormcontent/assets/HUhjs4RCHZKq-lHp_3AuBns46HDQneJ7x.jpg" />
<file href="scormcontent/assets/UcX1Tw-Z5X4tgvsp_8_misc.jpg" />
<file href="scormcontent/assets/PQaubmRARqVxDG4b_14_cities.jpg" />
<file href="scormcontent/assets/MMNDqKLAZlXDjwaR_3_construction.jpg" />
<file href="scormcontent/assets/XdwN1TOPbJcHMt-9_16_creative.jpg" />
<file href="scormcontent/assets/cWAFrraXboXV-vQ4_WmH7ur01s07AD5zt.jpg" />
<file href="scormcontent/assets/X9tfIr2QQnujvJT1_7_tech.jpg" />
<file href="scormcontent/assets/v7Il8K8ZbPPPoBui_21_tech.jpg" />
<file href="scormcontent/assets/KL-zsiJUFdxTEQUN_S2f2ghJDu2f7R6Pt.jpg" />
<file href="scormcontent/assets/diaKNCT6CF8CkZBN_22_abstract.jpg" />
<file href="scormcontent/assets/0IkRpp/stock-image.jpg" />
<file href="scormcontent/assets/rIRjkNFzW34h14yt_39_abstract.jpg" />
<file href="scormcontent/assets/yKdq3PdIOPi7p-1E_example-header-image.jpg" />

      <file href="scormcontent/locales/default.js" />

    </resource>
  </resources>
</manifest>
