<?xml version="1.0" ?>
<manifest identifier="MmagB3-bfUCm7fgXTBwbo-uvr2DzYZqtqGYpBD0h" version="1"
  xmlns="http://www.imsproject.org/xsd/imscp_rootv1p1p2"
  xmlns:adlcp="http://www.adlnet.org/xsd/adlcp_rootv1p2"
  xmlns:xsi="http://www.w3.org/2001/XMLSchema-instance"
  xsi:schemaLocation="http://www.imsproject.org/xsd/imscp_rootv1p1p2 imscp_rootv1p1p2.xsd
                      http://www.adlnet.org/xsd/adlcp_rootv1p2 adlcp_rootv1p2.xsd">
  <metadata>
    <schema>ADL SCORM</schema>
    <schemaversion>1.2</schemaversion>
    <adlcp:location>metadata.xml</adlcp:location>
  </metadata>
  <organizations default="articulate_rise">
      <organization identifier="articulate_rise">
      <title>Week 13 Interactive Review</title>
      <item identifier="i1" identifierref="r1" isvisible="true">
        <title>Week 13 Interactive Review</title>
        <adlcp:datafromlms>eyJjcHYiOiJxR1lwQkQwaCIsInJsZCI6ZmFsc2V9</adlcp:datafromlms>
      </item>
    </organization>
  </organizations>
  <resources>
    <resource identifier="r1" type="webcontent" adlcp:scormtype="sco" href="scormdriver/indexAPI.html">
      <!-- SCORMDRIVER STUFF -->
      <file href="scormdriver/indexAPI.html" />
      <file href="scormdriver/preloadIntegrity.js" />
      <file href="scormdriver/driverOptions.js" />
      <file href="scormdriver/AICCComm.html" />
      <file href="scormdriver/auto-scripts/AutoBookmark.js" />
      <file href="scormdriver/auto-scripts/AutoCompleteSCO.js" />
      <file href="scormdriver/auto-scripts/CourseExit.js" />
      <file href="scormdriver/blank.html" />
      <file href="scormdriver/goodbye.html" />
      <file href="scormdriver/scormdriver.js" />
      <file href="scormdriver/browsersniff.js" />

      <!-- RUNTIME COMMON STUFF -->
      <file href="scormcontent/index.html" />

      
        <file href="scormcontent/lib/fonts/icomoon.ttf"/>
        <file href="scormcontent/lib/fonts/icomoon.woff"/>

        <file href="scormcontent/lib/icomoon.css"/>
        <file href="scormcontent/lib/player-0.0.11.min.js"/>
        <file href="scormcontent/lib/lzwcompress.js"/>
      

      <!-- FRONTEND BUNDLE ASSETS -->
      <file href="scormcontent/lib/rise/4b3ccd6b.js" />
<file href="scormcontent/lib/rise/11732e6a.css" />
<file href="scormcontent/lib/rise/76a44bc0.js" />
<file href="scormcontent/lib/rise/9e4d7a83.css" />
<file href="scormcontent/lib/rise/ded7ffef.js" />
<file href="scormcontent/lib/rise/eb9bd09f.js" />
<file href="scormcontent/lib/rise/20be7de8.js" />
<file href="scormcontent/lib/mondrian/entry.js" />
<file href="scormcontent/lib/mondrian/b6873211.js" />
<file href="scormcontent/lib/mondrian/0e859ef5.js" />
<file href="scormcontent/lib/mondrian/7b2a258a.js" />
<file href="scormcontent/lib/mondrian/18ae508c.js" />
<file href="scormcontent/lib/mondrian/3e40eb79.js" />
<file href="scormcontent/lib/mondrian/cdf9a293.js" />
<file href="scormcontent/lib/mondrian/3f9ba7c0.js" />
<file href="scormcontent/lib/mondrian/07d24945.js" />


      <!-- RUNTIME CONTENT STUFF -->
      <file href="scormcontent/lib/fonts/Lato-Black.woff" />
<file href="scormcontent/lib/fonts/Lato-Italic.woff" />
<file href="scormcontent/lib/fonts/Lato-Bold.woff" />
<file href="scormcontent/lib/fonts/Lato-Regular.woff" />
<file href="scormcontent/lib/fonts/Lato-Light.woff" />
<file href="scormcontent/lib/fonts/Merriweather-Black.woff" />
<file href="scormcontent/lib/fonts/Merriweather-Italic.woff" />
<file href="scormcontent/lib/fonts/Merriweather-Bold.woff" />
<file href="scormcontent/lib/fonts/Merriweather-Regular.woff" />
<file href="scormcontent/lib/fonts/Merriweather-Light.woff" />
<file href="scormcontent/assets/sCPU066rjBXUVQLK_small.png" />
<file href="scormcontent/assets/c_VTzrasbaNVBH7F_14_nature.jpg" />
<file href="scormcontent/assets/1FcEwNx-Y1U6LVex_1lKbYKSiUE-X56Zr.jpg" />
<file href="scormcontent/assets/g_GQE_J1JxGUzeTG_43_abstract.jpg" />
<file href="scormcontent/assets/fzx6G5OJZYJRG2Nh_8_wfh.jpg" />
<file href="scormcontent/assets/WR4FuTY_j9SbV92y_4qpvrox-_WyL7czn.jpg" />
<file href="scormcontent/assets/XXu6qoZ45GziIcY__9_misc.jpg" />
<file href="scormcontent/assets/EKCIe279918d6DSJ_5_abstract.jpg" />
<file href="scormcontent/assets/Fs24h2WEfOxmxKMO_29_nature.jpg" />
<file href="scormcontent/assets/KsT3jmKPfQFcnYWC_H1pNXubmx4dquQhk.jpg" />
<file href="scormcontent/assets/cm1aKnAoaagZGfxG_24_nature.jpg" />
<file href="scormcontent/assets/zhlj1DN98aY2YR5L_4_nature.jpg" />
<file href="scormcontent/assets/fbQyILYE8F2gFq2H_11_abstract.jpg" />
<file href="scormcontent/assets/zi1lYZGa0AfmpBED_35_abstract.jpg" />
<file href="scormcontent/assets/GCmRR9BxeN-63947_3_food.jpg" />
<file href="scormcontent/assets/Isghueg5vZgK6ILX_13_hospitality.jpg" />
<file href="scormcontent/assets/D306n5mbF3m9_5I1_ckfAORRRvFYWQ5mn.jpg" />
<file href="scormcontent/assets/ZuFTP6XtQ7rwQj5h_52_abstract.jpg" />
<file href="scormcontent/assets/yf1C0rjh-YfYuPU9_31_creative.jpg" />
<file href="scormcontent/assets/Az156h_4-EwFwVdC_12_cities.jpg" />
<file href="scormcontent/assets/9SZegXXSHemoTbnU_6_cities.jpg" />
<file href="scormcontent/assets/SBIiXw0sp5Wqwu2h_22_cities.jpg" />
<file href="scormcontent/assets/BHmRuz_K2X9JlF8J_24_creative.jpg" />
<file href="scormcontent/assets/rWN8bDSHi_zK_mNJ_b31dxh-03kV6z2kP.jpg" />
<file href="scormcontent/assets/9C7Y3nvcOMwisw-i_14_architecture.jpg" />
<file href="scormcontent/assets/rs3a0sg9ftj_nRsj_14_creative.jpg" />
<file href="scormcontent/assets/XbU5OtnAhNHYWHjH__4vizjwj4Nblu_0f.jpg" />
<file href="scormcontent/assets/jb5GEI9lg9JSvx21_3_misc.jpg" />
<file href="scormcontent/assets/Kr68BzoVuSKZzNwr_5_tech.jpg" />
<file href="scormcontent/assets/XjNT6X2pHQuPyskr_41_abstract.jpg" />
<file href="scormcontent/assets/kwGV8ZaCkqxWnJYY_6_wfh.jpg" />
<file href="scormcontent/assets/NbqkqhELUdPzFlGk_3AuBns46HDQneJ7x.jpg" />
<file href="scormcontent/assets/6XnwsUFpI5PoYRcM_8_misc.jpg" />
<file href="scormcontent/assets/9N7H1Ad-oP9RWkwx_14_cities.jpg" />
<file href="scormcontent/assets/lpwtW3X060D2O19Z_3_construction.jpg" />
<file href="scormcontent/assets/Y5L4T6ThNdqtUXOM_16_creative.jpg" />
<file href="scormcontent/assets/4iE7jdoxT-mofyzy_WmH7ur01s07AD5zt.jpg" />
<file href="scormcontent/assets/acdVn0DqXpoJeIuK_7_tech.jpg" />
<file href="scormcontent/assets/I82pX96xndMMVoZt_21_tech.jpg" />
<file href="scormcontent/assets/HG7beeHuvspXgzTY_S2f2ghJDu2f7R6Pt.jpg" />
<file href="scormcontent/assets/DVWmWI8Qd1B1zpfI_22_abstract.jpg" />
<file href="scormcontent/assets/xoVC0I/stock-image.jpg" />
<file href="scormcontent/assets/7JUoHQxIXPyTxc8D_39_abstract.jpg" />
<file href="scormcontent/assets/yOK4pEr6AVWGtmZp_example-header-image.jpg" />

      <file href="scormcontent/locales/default.js" />

    </resource>
  </resources>
</manifest>
