<?xml version="1.0" ?>
<manifest identifier="fhTKOkk6GmswP5C4w7kcNd0DIcJrL42rjeP96m-b" version="1"
  xmlns="http://www.imsproject.org/xsd/imscp_rootv1p1p2"
  xmlns:adlcp="http://www.adlnet.org/xsd/adlcp_rootv1p2"
  xmlns:xsi="http://www.w3.org/2001/XMLSchema-instance"
  xsi:schemaLocation="http://www.imsproject.org/xsd/imscp_rootv1p1p2 imscp_rootv1p1p2.xsd
                      http://www.adlnet.org/xsd/adlcp_rootv1p2 adlcp_rootv1p2.xsd">
  <metadata>
    <schema>ADL SCORM</schema>
    <schemaversion>1.2</schemaversion>
    <adlcp:location>metadata.xml</adlcp:location>
  </metadata>
  <organizations default="articulate_rise">
      <organization identifier="articulate_rise">
      <title>Week 7 Interactive Review (IST524)</title>
      <item identifier="i1" identifierref="r1" isvisible="true">
        <title>Week 7 Interactive Review (IST524)</title>
        <adlcp:datafromlms>eyJjcHYiOiJqZVA5Nm0tYiIsInJsZCI6ZmFsc2V9</adlcp:datafromlms>
      </item>
    </organization>
  </organizations>
  <resources>
    <resource identifier="r1" type="webcontent" adlcp:scormtype="sco" href="scormdriver/indexAPI.html">
      <!-- SCORMDRIVER STUFF -->
      <file href="scormdriver/indexAPI.html" />
      <file href="scormdriver/preloadIntegrity.js" />
      <file href="scormdriver/driverOptions.js" />
      <file href="scormdriver/AICCComm.html" />
      <file href="scormdriver/auto-scripts/AutoBookmark.js" />
      <file href="scormdriver/auto-scripts/AutoCompleteSCO.js" />
      <file href="scormdriver/auto-scripts/CourseExit.js" />
      <file href="scormdriver/blank.html" />
      <file href="scormdriver/goodbye.html" />
      <file href="scormdriver/scormdriver.js" />
      <file href="scormdriver/browsersniff.js" />

      <!-- RUNTIME COMMON STUFF -->
      <file href="scormcontent/index.html" />

      
        <file href="scormcontent/lib/fonts/icomoon.ttf"/>
        <file href="scormcontent/lib/fonts/icomoon.woff"/>

        <file href="scormcontent/lib/icomoon.css"/>
        <file href="scormcontent/lib/player-0.0.11.min.js"/>
        <file href="scormcontent/lib/lzwcompress.js"/>
      

      <!-- FRONTEND BUNDLE ASSETS -->
      <file href="scormcontent/lib/rise/450b829c.js" />
<file href="scormcontent/lib/rise/11732e6a.css" />
<file href="scormcontent/lib/rise/9e45bfba.js" />
<file href="scormcontent/lib/rise/7c4cd354.css" />
<file href="scormcontent/lib/rise/2a8fa38a.js" />
<file href="scormcontent/lib/rise/eb9bd09f.js" />
<file href="scormcontent/lib/rise/20be7de8.js" />
<file href="scormcontent/lib/mondrian/entry.js" />
<file href="scormcontent/lib/mondrian/b6873211.js" />
<file href="scormcontent/lib/mondrian/c2f6b4b8.js" />
<file href="scormcontent/lib/mondrian/7b2a258a.js" />
<file href="scormcontent/lib/mondrian/18ae508c.js" />
<file href="scormcontent/lib/mondrian/3e40eb79.js" />
<file href="scormcontent/lib/mondrian/cdf9a293.js" />
<file href="scormcontent/lib/mondrian/3f9ba7c0.js" />
<file href="scormcontent/lib/mondrian/07d24945.js" />


      <!-- RUNTIME CONTENT STUFF -->
      <file href="scormcontent/lib/fonts/Lato-Black.woff" />
<file href="scormcontent/lib/fonts/Lato-Italic.woff" />
<file href="scormcontent/lib/fonts/Lato-Bold.woff" />
<file href="scormcontent/lib/fonts/Lato-Regular.woff" />
<file href="scormcontent/lib/fonts/Lato-Light.woff" />
<file href="scormcontent/lib/fonts/Merriweather-Black.woff" />
<file href="scormcontent/lib/fonts/Merriweather-Italic.woff" />
<file href="scormcontent/lib/fonts/Merriweather-Bold.woff" />
<file href="scormcontent/lib/fonts/Merriweather-Regular.woff" />
<file href="scormcontent/lib/fonts/Merriweather-Light.woff" />
<file href="scormcontent/assets/cC7doEAmUcdABkU5_small.png" />
<file href="scormcontent/assets/rRQMTnUzjhM-o9rw_xGY8_hcifVAzFgJ1.jpg" />
<file href="scormcontent/assets/trFHdbYRdi79Igj1_pjXFCRYDJJCfLZGt.jpg" />
<file href="scormcontent/assets/slFtqYY_V9nm_4Q4_XlnmwDz8oWx2aaHP.jpg" />
<file href="scormcontent/assets/9fKBD6vegcAtnUuL_oSufXp9RJNblTmia.jpg" />
<file href="scormcontent/assets/CLx6i4IolltKQhFw_iMZiiXIyN_2ALqZ0.jpg" />
<file href="scormcontent/assets/rZYkjcaDnF4B_6gb_AhnhN5DvauISIulg.jpg" />
<file href="scormcontent/assets/Kk8a4rohlkvh0pHz_zvJ3RsVkxOFoFKDa.jpg" />
<file href="scormcontent/assets/IdCrqhRsa_jRM2qA_aRWUGjo8rnwoxWS3.jpg" />
<file href="scormcontent/assets/NKWcUOZOVfejdc7r_s87O_VNfKoSMDrnf.jpg" />
<file href="scormcontent/assets/8iUIoTClvih9_USf_2ORv2a_KY1grCSku.jpg" />
<file href="scormcontent/assets/ee_4UNxxXWCB8OSx_0PA3EnBtb8N4AzuE.jpg" />
<file href="scormcontent/assets/5i9_LB/stock-image.jpg" />
<file href="scormcontent/assets/OteWvG98_L_iFYmF_23_misc.jpg" />
<file href="scormcontent/assets/D9udllV8ex-HbZgb_example-header-image.jpg" />

    </resource>
  </resources>
</manifest>
