﻿<?xml version="1.0" encoding="utf-8"?><meta xmlns:xsi="http://www.w3.org/2001/XMLSchema-instance" xmlns:xsd="http://www.w3.org/2001/XMLSchema"><project id="5oR3V6gMpoG" courseid="61P9eYjtx66" thumburl="story_content/thumbnail.jpg" title="Vinyl_Cutter_Parts_and_Their_Purposes_Module" datepublished="2023-05-15T19:54:48" version="1.0.0.0" flashdata="story_content/data.swf" html5data="mobile/data.json" mobiledata="mobile/data.gz" enabledownload="false" duration="About 2 minutes" totalaudio="53116" totalvideo="0"><description>An introduction to the vinyl cutter parts and their purposes.</description><keywords /><slidemeta moniker="slide" monikerplural="slides" viewslides="16" slidecountdescription="16 slides" /><author name="Amanda Philbrick" email="" website="" /><application name="Articulate Storyline" version="3.75.30269.0" xmlversion="4.0" /></project></meta>