<?xml version="1.0" ?>
<manifest identifier="F0r_FG-Ia95K394wdgMWr3kjgvjUfqB7TTnMm-nX" version="1"
  xmlns="http://www.imsproject.org/xsd/imscp_rootv1p1p2"
  xmlns:adlcp="http://www.adlnet.org/xsd/adlcp_rootv1p2"
  xmlns:xsi="http://www.w3.org/2001/XMLSchema-instance"
  xsi:schemaLocation="http://www.imsproject.org/xsd/imscp_rootv1p1p2 imscp_rootv1p1p2.xsd
                      http://www.adlnet.org/xsd/adlcp_rootv1p2 adlcp_rootv1p2.xsd">
  <metadata>
    <schema>ADL SCORM</schema>
    <schemaversion>1.2</schemaversion>
    <adlcp:location>metadata.xml</adlcp:location>
  </metadata>
  <organizations default="articulate_rise">
      <organization identifier="articulate_rise">
      <title>Week 11 Interactive Review</title>
      <item identifier="i1" identifierref="r1" isvisible="true">
        <title>Week 11 Interactive Review</title>
        <adlcp:datafromlms>eyJjcHYiOiJUVG5NbS1uWCIsInJsZCI6ZmFsc2V9</adlcp:datafromlms>
      </item>
    </organization>
  </organizations>
  <resources>
    <resource identifier="r1" type="webcontent" adlcp:scormtype="sco" href="scormdriver/indexAPI.html">
      <!-- SCORMDRIVER STUFF -->
      <file href="scormdriver/indexAPI.html" />
      <file href="scormdriver/preloadIntegrity.js" />
      <file href="scormdriver/driverOptions.js" />
      <file href="scormdriver/AICCComm.html" />
      <file href="scormdriver/auto-scripts/AutoBookmark.js" />
      <file href="scormdriver/auto-scripts/AutoCompleteSCO.js" />
      <file href="scormdriver/auto-scripts/CourseExit.js" />
      <file href="scormdriver/blank.html" />
      <file href="scormdriver/goodbye.html" />
      <file href="scormdriver/scormdriver.js" />
      <file href="scormdriver/browsersniff.js" />

      <!-- RUNTIME COMMON STUFF -->
      <file href="scormcontent/index.html" />

      
        <file href="scormcontent/lib/fonts/icomoon.ttf"/>
        <file href="scormcontent/lib/fonts/icomoon.woff"/>

        <file href="scormcontent/lib/icomoon.css"/>
        <file href="scormcontent/lib/player-0.0.11.min.js"/>
        <file href="scormcontent/lib/lzwcompress.js"/>
      

      <!-- FRONTEND BUNDLE ASSETS -->
      <file href="scormcontent/lib/rise/66f7f76b.js" />
<file href="scormcontent/lib/rise/11732e6a.css" />
<file href="scormcontent/lib/rise/3499478a.js" />
<file href="scormcontent/lib/rise/8d2582e1.css" />
<file href="scormcontent/lib/rise/649327cb.js" />
<file href="scormcontent/lib/rise/eb9bd09f.js" />
<file href="scormcontent/lib/rise/20be7de8.js" />
<file href="scormcontent/lib/mondrian/entry.js" />
<file href="scormcontent/lib/mondrian/b6873211.js" />
<file href="scormcontent/lib/mondrian/0e859ef5.js" />
<file href="scormcontent/lib/mondrian/7b2a258a.js" />
<file href="scormcontent/lib/mondrian/18ae508c.js" />
<file href="scormcontent/lib/mondrian/3e40eb79.js" />
<file href="scormcontent/lib/mondrian/cdf9a293.js" />
<file href="scormcontent/lib/mondrian/3f9ba7c0.js" />
<file href="scormcontent/lib/mondrian/07d24945.js" />


      <!-- RUNTIME CONTENT STUFF -->
      <file href="scormcontent/lib/fonts/Lato-Black.woff" />
<file href="scormcontent/lib/fonts/Lato-Italic.woff" />
<file href="scormcontent/lib/fonts/Lato-Bold.woff" />
<file href="scormcontent/lib/fonts/Lato-Regular.woff" />
<file href="scormcontent/lib/fonts/Lato-Light.woff" />
<file href="scormcontent/lib/fonts/Merriweather-Black.woff" />
<file href="scormcontent/lib/fonts/Merriweather-Italic.woff" />
<file href="scormcontent/lib/fonts/Merriweather-Bold.woff" />
<file href="scormcontent/lib/fonts/Merriweather-Regular.woff" />
<file href="scormcontent/lib/fonts/Merriweather-Light.woff" />
<file href="scormcontent/assets/TI7f1IaY4It2Sl-A_small.png" />
<file href="scormcontent/assets/K0rD11Ku76NMSaxw_9_nature.jpg" />
<file href="scormcontent/assets/ea9yKU4lx8Te4J1B_Jl4vA_PFaXg67veJ.jpg" />
<file href="scormcontent/assets/lxWfLQyKMhfFlmSX_10_wfh.jpg" />
<file href="scormcontent/assets/dYqcLxIm21J8BqY5_13_medical.jpg" />
<file href="scormcontent/assets/Gbs7Y4HhzxjmUf2u_3_nature.jpg" />
<file href="scormcontent/assets/zbTZnUs67H3aAOjG_24_wfh.jpg" />
<file href="scormcontent/assets/ZIeHmra_dlfgJFvt_RXDH3lGA_ue03cSy.jpg" />
<file href="scormcontent/assets/mrjQt06T8FsM1BIP_7_financial.jpg" />
<file href="scormcontent/assets/DXJ_l7oYZsT8q8xC_10_medical.jpg" />
<file href="scormcontent/assets/h7uN-0HbEu0QoHXG_7_insurance.jpg" />
<file href="scormcontent/assets/LSdol8_OtsohMgGA_wX_JQrgdsclHcsQ8.jpg" />
<file href="scormcontent/assets/U7085waU7YUqyC-x_8_wfh.jpg" />
<file href="scormcontent/assets/JaTWFyzm-GtdpvIS_5_wfh.jpg" />
<file href="scormcontent/assets/z2rkOtBkBpwMJ3Kb_ROiJTz-o-xhiQqQY.jpg" />
<file href="scormcontent/assets/nXx1_wCMzd7M7g4h_6_insurance.jpg" />
<file href="scormcontent/assets/tzWalu6MjRnbwqQ__9_cities.jpg" />
<file href="scormcontent/assets/NXlRZPOsMdGDhfPI_12_medical.jpg" />
<file href="scormcontent/assets/6iSCJ6S_xOwN3zWR_1_construction.jpg" />
<file href="scormcontent/assets/E8ShR_oR-2XtBJnM_18_misc.jpg" />
<file href="scormcontent/assets/gnnog30_h3Zbnc6A_42_abstract.jpg" />
<file href="scormcontent/assets/SNZVS6DteTgqhks0_49_abstract.jpg" />
<file href="scormcontent/assets/sEN6WFEcQUGDIJuH_15_nature.jpg" />
<file href="scormcontent/assets/nv3HkJuwfe14MiQv_jgDYwbgL7GbITZV5.jpg" />
<file href="scormcontent/assets/kymrc6jNvK77oOm-_26_abstract.jpg" />
<file href="scormcontent/assets/XKN_QPVW4KEShAzG_14_creative.jpg" />
<file href="scormcontent/assets/3HWl1SWy-Wd4SebF_c5DqQ6eLHPNr8W0n.jpg" />
<file href="scormcontent/assets/0H1kDuiZSylmEJuf_28_nature.jpg" />
<file href="scormcontent/assets/styO_g/stock-image.jpg" />
<file href="scormcontent/assets/Ter0Noe6Uf2_DaW__19_creative.jpg" />
<file href="scormcontent/assets/mlIP7k_-GvKfgM-Q_example-header-image.jpg" />

    </resource>
  </resources>
</manifest>
