<?xml version="1.0" ?>
<manifest identifier="F0r_FG-Ia95K394wdgMWr3kjgvjUfqB7G4YCsXpy" version="1"
  xmlns="http://www.imsproject.org/xsd/imscp_rootv1p1p2"
  xmlns:adlcp="http://www.adlnet.org/xsd/adlcp_rootv1p2"
  xmlns:xsi="http://www.w3.org/2001/XMLSchema-instance"
  xsi:schemaLocation="http://www.imsproject.org/xsd/imscp_rootv1p1p2 imscp_rootv1p1p2.xsd
                      http://www.adlnet.org/xsd/adlcp_rootv1p2 adlcp_rootv1p2.xsd">
  <metadata>
    <schema>ADL SCORM</schema>
    <schemaversion>1.2</schemaversion>
    <adlcp:location>metadata.xml</adlcp:location>
  </metadata>
  <organizations default="articulate_rise">
      <organization identifier="articulate_rise">
      <title>Week 11 Interactive Review</title>
      <item identifier="i1" identifierref="r1" isvisible="true">
        <title>Week 11 Interactive Review</title>
        <adlcp:datafromlms>eyJjcHYiOiJHNFlDc1hweSIsInJsZCI6ZmFsc2V9</adlcp:datafromlms>
      </item>
    </organization>
  </organizations>
  <resources>
    <resource identifier="r1" type="webcontent" adlcp:scormtype="sco" href="scormdriver/indexAPI.html">
      <!-- SCORMDRIVER STUFF -->
      <file href="scormdriver/indexAPI.html" />
      <file href="scormdriver/preloadIntegrity.js" />
      <file href="scormdriver/driverOptions.js" />
      <file href="scormdriver/AICCComm.html" />
      <file href="scormdriver/auto-scripts/AutoBookmark.js" />
      <file href="scormdriver/auto-scripts/AutoCompleteSCO.js" />
      <file href="scormdriver/auto-scripts/CourseExit.js" />
      <file href="scormdriver/blank.html" />
      <file href="scormdriver/goodbye.html" />
      <file href="scormdriver/scormdriver.js" />
      <file href="scormdriver/browsersniff.js" />

      <!-- RUNTIME COMMON STUFF -->
      <file href="scormcontent/index.html" />

      
        <file href="scormcontent/lib/fonts/icomoon.ttf"/>
        <file href="scormcontent/lib/fonts/icomoon.woff"/>

        <file href="scormcontent/lib/icomoon.css"/>
        <file href="scormcontent/lib/player-0.0.11.min.js"/>
        <file href="scormcontent/lib/lzwcompress.js"/>
      

      <!-- FRONTEND BUNDLE ASSETS -->
      <file href="scormcontent/lib/rise/320a8c71.js" />
<file href="scormcontent/lib/rise/11732e6a.css" />
<file href="scormcontent/lib/rise/3499478a.js" />
<file href="scormcontent/lib/rise/8d2582e1.css" />
<file href="scormcontent/lib/rise/b9656e38.js" />
<file href="scormcontent/lib/rise/eb9bd09f.js" />
<file href="scormcontent/lib/rise/20be7de8.js" />
<file href="scormcontent/lib/mondrian/entry.js" />
<file href="scormcontent/lib/mondrian/b6873211.js" />
<file href="scormcontent/lib/mondrian/0e859ef5.js" />
<file href="scormcontent/lib/mondrian/7b2a258a.js" />
<file href="scormcontent/lib/mondrian/18ae508c.js" />
<file href="scormcontent/lib/mondrian/3e40eb79.js" />
<file href="scormcontent/lib/mondrian/cdf9a293.js" />
<file href="scormcontent/lib/mondrian/3f9ba7c0.js" />
<file href="scormcontent/lib/mondrian/07d24945.js" />


      <!-- RUNTIME CONTENT STUFF -->
      <file href="scormcontent/lib/fonts/Lato-Black.woff" />
<file href="scormcontent/lib/fonts/Lato-Italic.woff" />
<file href="scormcontent/lib/fonts/Lato-Bold.woff" />
<file href="scormcontent/lib/fonts/Lato-Regular.woff" />
<file href="scormcontent/lib/fonts/Lato-Light.woff" />
<file href="scormcontent/lib/fonts/Merriweather-Black.woff" />
<file href="scormcontent/lib/fonts/Merriweather-Italic.woff" />
<file href="scormcontent/lib/fonts/Merriweather-Bold.woff" />
<file href="scormcontent/lib/fonts/Merriweather-Regular.woff" />
<file href="scormcontent/lib/fonts/Merriweather-Light.woff" />
<file href="scormcontent/assets/pveCOWvPdFzZyVFe_small.png" />
<file href="scormcontent/assets/or6GCSWZP_v7_zX6_9_nature.jpg" />
<file href="scormcontent/assets/PP4BSY6NkL7n0Q7z_Jl4vA_PFaXg67veJ.jpg" />
<file href="scormcontent/assets/m0Q7WMxbeL50wFiS_10_wfh.jpg" />
<file href="scormcontent/assets/bHFyt51nNB68u4Tt_13_medical.jpg" />
<file href="scormcontent/assets/vjcb2cJz-IOrftjY_3_nature.jpg" />
<file href="scormcontent/assets/R2870QMKT5BpnVbY_24_wfh.jpg" />
<file href="scormcontent/assets/0BcutdpE2naca276_RXDH3lGA_ue03cSy.jpg" />
<file href="scormcontent/assets/FxahkfoTWwfs15ey_7_financial.jpg" />
<file href="scormcontent/assets/3kd_C-vWuoYJoUtz_10_medical.jpg" />
<file href="scormcontent/assets/kFxyy6TDyUI6Tzxf_7_insurance.jpg" />
<file href="scormcontent/assets/lB0Uf_0GHRxtc608_wX_JQrgdsclHcsQ8.jpg" />
<file href="scormcontent/assets/BJkdMlJfSOgmmm71_8_wfh.jpg" />
<file href="scormcontent/assets/Gog5tCmtpXFzg-F3_5_wfh.jpg" />
<file href="scormcontent/assets/9kLi6i8iDOscjSjm_ROiJTz-o-xhiQqQY.jpg" />
<file href="scormcontent/assets/59PC64ptpKkVOWso_6_insurance.jpg" />
<file href="scormcontent/assets/XPinNoZVcdwd8E2N_9_cities.jpg" />
<file href="scormcontent/assets/0U3YizbVYam8a-xO_12_medical.jpg" />
<file href="scormcontent/assets/8HQGcPbcVvXjh_9o_1_construction.jpg" />
<file href="scormcontent/assets/PiwOd6A23vFFaiXq_18_misc.jpg" />
<file href="scormcontent/assets/YykWLnqHVO83d1Tz_42_abstract.jpg" />
<file href="scormcontent/assets/Ck91-33kNu2AJ4W-_49_abstract.jpg" />
<file href="scormcontent/assets/RVEceseRlViixRcD_15_nature.jpg" />
<file href="scormcontent/assets/C5dizhpU-R2BpKzJ_jgDYwbgL7GbITZV5.jpg" />
<file href="scormcontent/assets/NQBGXUY0i6Pwb7hK_26_abstract.jpg" />
<file href="scormcontent/assets/TvjWq6lTP9iJtsCK_14_creative.jpg" />
<file href="scormcontent/assets/jqUUH2TWBf9X2miT_c5DqQ6eLHPNr8W0n.jpg" />
<file href="scormcontent/assets/4KN5vCDR8n3_1VVI_28_nature.jpg" />
<file href="scormcontent/assets/8n-1ogdniMdgIDgq_19_creative.jpg" />
<file href="scormcontent/assets/42Sfb8JgqTYoJEJD_19_creative.jpg" />
<file href="scormcontent/assets/v22W-tAj4d_NqkCG_example-header-image.jpg" />

    </resource>
  </resources>
</manifest>
