{
  "version": "3.73.29904.0",
  "course_id": "6qHOJeeLqy5",
  "title": "Learning with Computer Games",
  "thumbnail": "story_content/thumbnail.jpg",
  "scenes": [
    {
      "title": "Untitled Scene"
    }
  ],
  "slides": [
    {
      "id": "6PgZVwkczHL",
      "title": "Learning with Computer Games",
      "scene_index": "1.1"
    },
    {
      "id": "6XmpbLs391d",
      "title": "Course Objectives",
      "scene_index": "1.2"
    },
    {
      "id": "6XSTmWa5Cpo",
      "title": "Drag-and-drop Guessing Game",
      "scene_index": "1.3"
    },
    {
      "id": "5zPXMHFArmB",
      "title": "Personalization",
      "scene_index": "1.4"
    },
    {
      "id": "60Y89deULTg",
      "title": "Modality",
      "scene_index": "1.5"
    },
    {
      "id": "5hKUkhIrQ6H",
      "title": "Immersion",
      "scene_index": "1.6"
    },
    {
      "id": "68rHEgyTPVF",
      "title": "Narrative Theme",
      "scene_index": "1.7"
    },
    {
      "id": "603h4P099mG",
      "title": "PhET Interactive Simulations",
      "scene_index": "1.8"
    },
    {
      "id": "5V3L1fpVoX6",
      "title": "Untitled Slide",
      "scene_index": "1.9"
    },
    {
      "id": "6GcUHVgfsea",
      "title": "Drag and Drop",
      "scene_index": "1.10"
    },
    {
      "id": "6WSX7NfPhX0",
      "title": "Course Completion Congratulations",
      "scene_index": "1.11"
    },
    {
      "id": "6K9wUAL5Kwx",
      "title": "References",
      "scene_index": "1.12"
    }
  ],
  "player": {
    "name": "unified",
    "width": 980,
    "height": 658
  },
  "stage": {
    "width": 720,
    "height": 540
  }
}